0010030000;NUESTRA SE¥ORA DEL HUERTO;30678393661;huertosf@hotmail.com;0342;4593906;Norte
0010090000;SAN JOSE ADORATRICES;30678383259;institutoadoratrices@arnet.com.ar;0342;4538271;Norte
0010250000;NUESTRA SE¥ORA DE LA MISERICORDIA;30674292135;misericordia_rafaela@hotmail.com;03492;424365;Norte
0010330000;SAN JOSE;30654113269;institutosanjosec23@hotmail.com;03482;420464;Norte
0010350000;NUESTRA SE¥ORA DE GUADALUPE;33687031909;prim1035_santafe@santafe.edu.ar;0342;4525489;Norte
0010380000;NUESTRA SE¥ORA DEL CALVARIO;30710000502;tesoreriacalvario@gigared.com;0342;4533977;Norte
0010420000;SAGRADA FAMILIA;33628692969;colesagflia@gmail.com;0342;4595401;Norte
0010430000;SAN JOSE;30674295037;primario@sanjosesunchales.com.ar;03493;423890;Norte
0010500000;SAN JOSE;30707846212;colegiosanjoseadm@gmail.com;0342;4601226;Norte
0010550000;SAGRADO CORAZON;30707898107;schreiber.alicia@gmail.com;03404;420055;Norte
0010560000;SAN JUAN BAUTISTA;30674416314;yazaNone@hotmail.com;03483;420215;Norte
0010600000;LA INMACULADA;30674300332;lainmaculada@zeNon-pereyra.com.ar;03564;492266;Norte
0010730000;SAGRADO CORAZON DE JESUS;33674854779;escuela_1073@hotmail.com;03401;480108;Norte
0010750000;25 DE MAYO;30674278736;prim1075_rafaela@santafe.edu.ar;03492;423225;Norte
0010880000;SANTA CLARA;30674300405;colegio1088@hotmail.com;03492;490033;Norte
0011020000;DON BOSCO;30678390387;analiar_05@hotmail.com;0342;4893453;Norte
0011210000;SAN JOSE;30674415709;epi1121@yahoo.com.ar;03405;424267;Norte
0011230000;ANTONIA MARIA VERNA;30707320393;colegioverna@gmail.com;3000;0342-4602618;Norte
0011330000;FRANCISCO RAMOS MEJIA;30686957477;leandrogenta@hotmail.com;0342;4550239;Norte
0011340000;NUESTRA SE¥ORA DE GUADALUPE;30633613717;prim1134_calchaqui@santafe.edu.ar;03483;470243;Norte
0011350000;PRESBITERO ALCIDES C.FRENCIA;30515488614;insfrencia1135@hotmail.com;0342;4940148;Norte
0011360000;SAN JOSE;30655779767;isanjose@tostado.com.ar;03491;470469;Norte
0011410000;SANTA MARTA;30674298869;;03493;497011;Norte
0011450000;NUESTRA SE¥ORA DE LOURDES;33632909859;jprodriguezdastugue@hotmail.com;0342;4881735;Norte
0011470000;NUESTRA SE¥ORA DE GUADALUPE;;cbortolozzi@gmail.com;;;Norte
0011490000;NUESTRA SE¥ORA DE LUJAN;30687033058;mapiastafe@yahoo.com.ar;342;4696124;Norte
0011690000;NINo JESUS;30686985861;spep1169@gmail.com;0342;4539728;Norte
0011740000;SANTA LUCIA;30687021807;prim1174_santafe@santafe.edu.ar;0342;4580624;Norte
0012010000;NUESTRA SE¥ORA DE FATIMA;30674293980;jardin1201@cooptacural.com.ar;03493;492387;Norte
0012130000;SAN CARLOS;30638133225;jardinsancarlos@soon.com.ar;03493;422840;Norte
0012150000;CEFERINo NAMUNCURA;30687026477;jardin1215_santafe@santafe.edu.ar;0342;4891081;Norte
0012350000;SAN JOSE ADORATRICES;30678383259;institutoadoratrices@arnet.com.ar;0342;4538271;Norte
0012430000;DON BOSCO;30678390387;analiar_05@hotmail.com;0342;4897314;Norte
0012440000;ESCUELA CRISTIANA EVANGELICA;30637298670;;0342;4550478;Norte
0012480000;HOGAR DE LA ESPERANZA;;;03482;663996;Norte
0012530000;AMABILI DI BIN DE DUSSO;30-67702449;jardin1253@gmail.com;0342;45882505;Norte
0012560000;JUAN PABLO II;30707846190;colegiosanjoseadm@gmail.com;0342;4607074;Norte
0012590000;DANTE ALIGHIERI;30538961422;uybda@arnetbiz.com.ar;342;4525944;Norte
0012600000;APADIR;30644795639;mariela@hym.com.ar;03492;504666;Norte
0012760000;SAN JOSE;33674295109;jardin@sanjosesunchales.com.ar;03493;423890;Norte
0012870000;LUIS GONZAGA;30687029441;spep1287@gmail.com;0342;4884605;Norte
0013040000;PAZ,PAN Y TRABAJO;30692333647;;0342;4582471;Norte
0013140000;COLEGIO DE LA INMAC.CONCEPCION;;sebastianboNo@colegioinmaculda.edu.ar;;;Norte
0013220000;VIRGEN DEL ROSARIO;33628692969;colesagflia@gmail.com;0342;4595401;Norte
0013280000;SAPE;30630789148;;03496;410068;Norte
0013410000;SANTA RITA DE CASIA;30687029131;admin.santaritadecasia@gmail.com;0342;4891833;Norte
0014000000;NUESTRA SE¥ORA DE COVADONGA;34687033363;sueldoscovadonga@gmail.com;0342;4526542;Norte
0014150000;SANTA MONICA;30687029689;spep1415@gmail.com;0342;154876113;Norte
0014290000;DRA.SARA FAISAL;30554535905;especial1429_santafe@santafe.edu.ar;0342;4597812;Norte
0014390000;JESUS RESUCITADO;30699840714;spep1439@gmail.com;0342;4838049;Norte
0014400000;JULIO MIGNo;;emiliajbouvet@hotmail.com;;;Norte
0014410000;ALBERTO MONTI;30699914866;albertomonti1441@gmail.com;0342;4842739;Norte
0014460000;CRECER SANTO TOME;;administracioncrecer@gmail.com;;;Norte
0014540000;DR. OSCAR ABDALA;30637298670;;0342;4550478;Norte
0014550000;SANTA RITA DE CASIA;30707235566;admin.santaritadecasia@gmail.com;0342;4899815;Norte
0014700000;ANTONIA MARIA VERNA;30707320393;colegioverna@gmail.com;0342;4602618;Norte
0014750000;JARDIN SAGRADO CORAZON;30710021089;jardindeinfantes_1475@hotmail.com;03401;481370;Norte
0014860000;LOS TRIGALES;30709776904;vylestudiocontable@gmail.com;03498;426967;Norte
0014900000;JARDIN JERARQUICOS SALUD;3068695518-;jardin1490_santafe@santafe.edu.ar;342;4504858;Norte
0014910000;JARDIN NTRA SE%ORA DE LOS SIN TECHO;30711623791;emilsepapini@yahoo.com.ar;0342;4534198;Norte
0014920000;JARDIN DIVINo NI%O;30711623759;emilsepapini@yahoo.com.ar;0342;4607815;Norte
0014940000;CENTRO EDUCATIVO JERARQUICOS;30686955180;vmendez@jerarquicos.com;0342;4504858;Norte
0020270000;JOSE MANUEL ESTRADA;30687025551;etp27jm@arnetbiz.com.ar;03496;420077;Norte
0020420000;JESUS RESUCITADO;30687030911;escuela2042@gmail.com;0342;4838049;Norte
0020470000;LOS COLONIZADORES;30631838185;sec2047_santodomingo@santafe.edu.ar;03497;498074;Norte
0020520000;Dr. ALCIDES EDGARDO RIVERO;30684395897;sec2052_ambrosetti@santafe.edu.ar;03491;492107;Norte
0020570000;SAN JOSE DE CALASANZ;33634247179;sec2057_malabrigo@santafe.edu.ar;03482;454046;Norte
0020580000;7 DE MAYO;30687033120;escuela_2058@hotmail.com;0342;4884725;Norte
0020620000;22 DE NoVIEMBRE;30674285007;spep2062@gmail.com;03492;422596;Norte
0030020000;FRAY JUSTO STA.MA.DE ORO;30549527848;emedifjsm@hi-link.com.ar;03564;492285;Norte
0030030000;MARIANo MORENo;30674415636;edempi@cosemar.com.ar;03483;498255;Norte
0030250000;CRISTO OBRERO;30687026094;sec3025_santafe@santafe.edu.ar;0342;4535591;Norte
0030300000;ASOCIACION DE CULTURA;30687027082;adecultura@lenet.com.ar;03498;480292;Norte
0030340000;INMACULADA CONCEPCION;30674415873;estudiocontablereniero@gmail.com;03482;496595;Norte
0030440000;CRISTIANA EVANGELICA;30637298670;direccion3044@eceasantafe.edu.ar;0342;4550478;Norte
0030480000;FRANCISCO RAMOS MEJIA;30686957477;leandrogenta@hotmail.com;0342;4550239;Norte
0030530000;SAN FRANCISCO JAVIER;30643162888;sanfrancisco.escuela@yahoo.com.ar;03405;424780;Norte
0030870000;SAN JOSE ADORATRICES;30678383259;institutoadoratrices@arnet.com.ar;0342;4538271;Norte
0031060000;SAN RITA DE CASIA;30707370161;admin.santaritadecasia@gmail.com;0342;4897474;Norte
0031070000;DRA. SARA FAISAL;30554535905;;0342;4596997;Norte
0031090000;SAGRADA FAMILIA;33628692969;colesagflia@gmail.com;0342;4595401;Norte
0031240000;ESCUELA DE LA FAMILIA AGRICOLA;33710027469;estudiocontablereniero@gmail.com;03482;496595;Norte
0031280000;25 DE MAYO SECUNDARIA;30711045534;sec3128_rafaela@santafe.edu.ar;03492;423225;Norte
0031310000;SAN EUGENIO DE MAZENoD;30711164355;mapiastafe@yahoo.com.ar;0342;4698072;Norte
0031380000;SANTA LUCIA SEC. PART. INCORP.;30711033579;sec3138_santafe@santafe.edu.ar;0342;4580753;Norte
0031560000;ESCUELA DE LA NUEVA CULTURA;;;0342;4904151;Norte
0040010000;ESTELA GUINLE DE CERVERA;30638199935;institutocervera@gmail.com;0342;4599031;Norte
0040030000;SAN JOSE;30674295274;ispi4003@sanjosesunchales.com.ar;03493;423890;Norte
0040100000;INST.DE CIENCIAS COMERCIALES;30555789692;gerencia@adesantafe.org.ar;0342;4524070;Norte
0040230000;LOS COLONIZADORES;30631838185;ispi4023.sd@gmail.com;03497;498074;Norte
0040260000;SANTISIMA VIRGEN NINA;30-65439629;dan@vocampo.com.ar;03482;466663;Norte
0040270000;INMACULADA CONCEPCION;30674415946;estudiocontablereniero@gmail.com;03482;496595;Norte
0040320000;CRISTO REY;30674386245;superior4032_malabrigo@santafe.edu.ar;03482;454802;Norte
0040330000;INST.SUP.ADM.BANCARIA Y C.EXT.;30999277833;superior4033_santafe@santafe.edu.ar;0342;4598751;Norte
0040350000;BRIG.GRAL.ESTANISLAO LOPEZ;30692341070;instituto4035@fibertel.com.ar;0342;4541589;Norte
0040440000;SOL;30648560725;administrasol@arnetbiz.com.ar;0342;4525035;Norte
0040500000;MONSE¥OR VICENTE F. ZAZPE;30684390534;ispi4050@suardi.com.ar;03562;477070;Norte
5618000000;SAMCO SASTRE Y ORTIZ;;samcosastre@sastrenet.com.ar;;;Norte
5500120000;COMITE DE SUB-CUENCA CARRIZALES;30711586527;nfo@comitecarrizales.com.ar;03401;471647;Norte
0040720000;AGENTES DE PROPAGANDAS MEDICAS;30547122816;apmgremialsantafe@gmail.com;0342;4598053;Norte
0040840000;CENTRO EDUC.TEC.PARA EL DIAGN.(EDUTEC);33707362249;instituto@ceted.arnetbiz.com.ar;0342;4563958;Norte
0040860000;INST. SUP. DE ESP. PROFESIONAL;30686955180;institutosuperior@jerarquicos.com;0342;4504858;Norte
0040870000;INSTITUTO DE NIVEL SUPERIOR;;tesoreriasadop@sadopsantafe.org.ar;;;Norte
0040970000;I.S.P.A MECANICA DENTAL;33709042969;cpn@cpnconsultores.com.ar;0341;4250480;Norte
0080020000;SAN JOSE;30529090966;colegiosanjoseadm@gmail.com;0342;4601226;Norte
0080030000;INMACULADA CONCEPCION;;sebastianboNo@colegioinmaculda.edu.ar;;;Norte
0080160000;NUESTRA SE¥ORA DEL HUERTO;27166176854;mariana.inga@hotmail.com;0342;4593906;Norte
0080220000;NUESTRA SE¥ORA DE LA MISERICORDIA;30674292062;misericordia_rafaela@hotmail.com;03492;424365;Norte
0080230000;SAN JOSE;33674372499;;03482;0420464;Norte
0080310000;NUESTRA SE¥ORA DEL CALVARIO;30710000502;tesoreriacalvario@gigared.com;0342;4533977;Norte
0080800000;JUAN BAUTISTA ALBERDI;30611657605;alberdi_sastre@hotmail.com;03406;480559;Norte
0080890000;ANTONIA MARIA VERNA;30707320393;colegioverna@gmail.com;0342;4602618;Norte
0080900000;PARROQUIAL SAN AGUSTIN;30536428069;eempi8090@carpell.com;03401;480332;Norte
0081030000;JOSE MANUEL ESTRADA;30537746668;sec8103_piamonte@santafe.edu.ar;03401;455175;Norte
0081070000;SAN JOSE;30674295347;admisj@sanjosesunchales.com.ar;03493;423890;Norte
0081150000;SAN ANTONIO;30678395958;sec8115_gobernadorcrespo@santafe.edu.ar;03498;480245;Norte
0081160000;NUESTRA SE¥ORA DE GUADALUPE;30633613717;sec8116_calchaqui@santafe.edu.ar;03483;470243;Norte
0081180000;PEDRO LUCAS FUNES;30674296262;eempi8118@coopmail.com.ar;03492;470540;Norte
0081220000;NUESTRA SE¥ORA DE LOURDES;30692412083;jprodriguezdastugue@hotmail.com;0342;4890912;Norte
0081240000;CORAZON DE JESUS;30686997878;corazondejesus8124@hotmail.com;03404;420055;Norte
0081250000;JOSE MANUEL ESTRADA;30543791810;jmestrada@ltoscas.com.ar;03482;492250;Norte
0081360000;NUESTRA SE¥ORA DE GUADALUPE;30678395648;sec8136_santafe@santafe.edu.ar;0342;4525489;Norte
0081380000;JUSTO JOSE DE URQUIZA;30543688041;eempi8138@gmail.com;03406;498253;Norte
0081500000;NUESTRA SE¥ORA DE GUADALUPE;;cbortolozzi@gmail.com;;;Norte
0081610000;MARIANo MORENo;30544894931;EEMPI8161@cablenettv.com.ar;03404;493221;Norte
0082020000;ESC.FAMILIA AGRICOLA;;efamoussy@hotmail.com.ar;;;Norte
0082050000;ESC. FAMILIA AGRICOLA;30609474021;sec8205_tostado@santafe.edu.ar;06491;479091;Norte
0082110000;ESC.FAMILIA AGRICOLA;30600414638;efa-espin@cosemar.com.ar;03483;498612;Norte
0082140000;ELISEO N. VIDELA;33635789889;eliseovidela@mutualsj.com.ar;03498;490265;Norte
0082240000;NUESTRA SE¥ORA DE LOURDES;30692412083;jprodriguezdastugue@hotmail.com;0342;4890912;Norte
0082370000;INST.REG.TOSTADO;30611986706;spep8237@gmail.com;3491;470659;Norte
0082420000;FRANCISCO BERTOLINo;30509974353;fundaber@fundaber.org.ar;0342;4591139;Norte
0090170000;SAN JOSE ADORATRICES;30678383259;institutoadoratrices@arnet.com.ar;0342;4538271;Norte
0092040000;CENTRO DE FORM.DE MONITORES;30523307556;icam@trcnet.com.ar;03482;420794;Norte
1111000100;MTRIO. JUSTICIA Y DERECHOS HUMANoS;30708635274;stuninetti@santafe.gov.ar;0342;4506690;Norte
1125000000;CAMARA DE SENADORES;30999284961;sueldos@senadosantafe.gov.ar;0342;4572460  int. 155;Norte
1127000000;FISCALIA DE ESTADO;30677577776;elargeaud@santafe.gov.ar;0342;4571912;Norte
1133000000;DEFENSORIA DEL PUEBLO;30649537808;andreachiappara38@gmail.com;0342;4573975/ 74;Norte
2030100200;COLONIA ALDAO;;comunacolaldao@coopaldao.com.ar;03493;497040;Norte
2030200200;ATALIVA;30674287220;comunadeataliva@interclass.com.ar;03493;491289;Norte
2030300200;AURELIA;33674276139;comunadeaurelia@wiltel.com.ar;03492;488020/031;Norte
2030400200;BAUER Y SIGEL;;comunabauerysigel@arnet.com.ar;03492;489010;Norte
2030500200;BELLA ITALIA;;comunadebellaitalia@arnet.com.ar;03492;497009/77;Norte
2030600200;BICHA;30684411043;coloniabicha2016@gmail.com;03493;492710;Norte
2030700200;PLAZA CLUCELLAS;30674329926;comunaclucellas@hotmail.com;03492;499013;Norte
2030800200;COLONIA BIGAND;30674325033;comuna.bigand@interclass.com.ar;03492;484527;Norte
2030900200;COLONIA CELLO;30674293816;comunacolcello@hotmail.com.ar;03492;492025/492030;Norte
2031000200;COLONIA ITURRASPE;30674323812;coloniaiturraspe@mmcdigital.com.ar;03492;499998;Norte
2031100200;COLONIA RAQUEL;30674253652;comunaraquel@hotmail.com;03493;496002;Norte
2031200200;CORONEL FRAGA;30674277055;comunafraga@hotmail.com;03492;481017;Norte
2031300200;EGUSQUIZA;;comunaegusquiza@interclass.com.ar;03492;484512/560;Norte
2031400200;ESMERALDA;30674302793;comunadeesmeralda@mmcdigital.com.ar;03492;498110;Norte
2031500200;ESTACION CLUCELLAS;;estacionclucellas@gmail.com;03492;495002/169;Norte
2031600200;EUSEBIA;30674289207;comunadeeusebia@interclass.com.ar;03493;493218/269;Norte
2031700200;EUSTOLIA;;comunaeustolia@hotmail.com;03492;495616;Norte
2031800200;FIDELA;33674282279;fidela@coopra.com.ar;03492;496342;Norte
2031900100;FRONTERA;30646178866;haciendafrontera@hotmail.com;03564;434950;Norte
2032000200;GALISTEO;33674296199;comunagalisteo@yahoo.com.ar;03493;409422;Norte
2032100200;HUGENTOBLER;30674296955;comunahugentobler@cooptacural.com.ar;03493;493562;Norte
2032200200;HUMBERTO 1RO;30674275907;presidenciahumberto@secchservicios.com.a;03493;480321/441;Norte
2032300200;JOSEFINA;30674309275;comunadejosefina@hotmail.com;03492;469067/075;Norte
2032400200;LEHMANN;;comunalehmann@wilnet.com.ar;03492;480238/007/407238;Norte
2032500200;COLONIA MARGARITA;;comunacolmar@cablenettv.comar;03492;495800/829;Norte
2032600200;MAUA;30674302556;comunamaua@gmail.com;03493;427097;Norte
2032700200;PUEBLO MARINI;30674320082;comunamarini@hotmail.com;03492;496097;Norte
2032900200;RAMONA;30674282725;comunaramona@interclass.com.ar;03492;496006/295;Norte
2033000200;SAGUIER;30674278280;comunadesaguier@yahoo.com.ar;03492;486000/062/053;Norte
2033100200;SAN ANTONIO;30674314635;comunadesanantonio20@gmail.com;03492;491010;Norte
2033200200;SAN VICENTE;;secretariadegobierNo3@gmail.com;03492;470622/322;Norte
2033300200;SANTA CLARA DE SAGUIER;;comunastaclara@hotmail.com;03492;490002/120;Norte
2033500200;SUSANA;;comunadesusana@wilnet.com.ar;03492;482002;Norte
2033600200;TACURALES;;comunatacurales@cooptacural.com,ar;03493;492349/533;Norte
2033700200;VILA;30674277438;comunavila@gmail.com;03492;493018-493011;Norte
2033800200;VILLA SAN JOSE;30674280366;comunavsanjose@arnet.com.ar;03492;494030;Norte
2033900200;VIRGINIA;30674286097;comunadevirginia@gmail.com;03493;492612;Norte
2050100200;CAYASTA;30678354186;departamentocontable@cayasta.gov.ar;03405;493015;Norte
2050200200;COLONIA MASCIAS;;ccmascias@coloniamascias.com;03405;424590;Norte
2050300200;SALADERO M. CABAL;;comunasaladero@hotmail.com;03405;424474;Norte
2070100200;ARROYO CEIBAL;;comunaaceibal@ltnet.com.ar;03482;497050/87;Norte
2070200200;BERNA;;comunadeberna@gmail.com;03482;473069;Norte
2070300200;GUADALUPE NoRTE;30674376142;comunagn@trcnet.com.ar;3482;498076/167;Norte
2070400200;EL ARAZA;30674344860;comunaelaraza@csdnet.com.ar;03482;490100/158;Norte
2070500200;EL RABON;30674355579;comunaelrabon@hotmail.com;0342;492845;Norte
2070600200;EL SOMBRERITO;;comunadeelsombrerito@hotmail.com;03482;466168/493993(cabina;Norte
2070800200;INGENIERO CHANoURDIE;;ichaNourdie@vocampo.com.ar;03482;490924;Norte
2070850200;LA SARITA;;comunalasarita@csdnet.com.ar;03482;476013;Norte
2070900200;LANTERI;30674345549;clanteri@trcnet.com.ar;03482;474005;Norte
2071000200;LAS GARZAS;30674355196;lgarzas@trcnet.com.ar;03482;493010;Norte
2071200200;LOS LAURELES;30674341349;comunaloslaureles@malabrigo.com;03482;479026-479080;Norte
2071300100;MALABRIGO;30674338100;;03482;454021;Norte
2071400200;SAN ANTONIO DE OBLIGADO;;comunasanantonio@ltnet.com.ar;03482;4593000/211;Norte
2071500200;TACUARENDI;;comuna.tacuarendi@ltnet.com.ar;03482;452012/452323;Norte
2071600200;VILLA ANA;;comunavillaanastafe@hotmail.com;03482;494292/494293;Norte
2071700200;VILLA GUILLERMINA;30674337422;comuna_vg@yahoo.com.ar;03482;475245/601;Norte
2071900200;NICANoR E. MOLINAS;;mmcomuna@csdnet.com.ar;03482;487367;Norte
2090100200;EMILIA;30678352655;comunaemilia@sanjustosf.com.ar;03497;493035;Norte
2090200200;NELSON;;comunadenelsonsf@gmail.com;0342;4902030/072;Norte
2090500200;SAUCE VIEJO;30678357606;sueldos@sauceviejo.gob.ar;0342;4950065/4950449;Norte
2090600200;ARROYO LEYES;;comunadearroyoleyes@yahoo.com.ar;0342;4970054;Norte
2100100200;COLONIA CAVOUR;30681938210;comunadecavour@yahoo.com.ar;03496;495024;Norte
2100200200;COLONIA SAN JOSE;;contacto@coloniasanjose.gob.ar;0342;4990001;Norte
2100300200;CULULU;;comunacululu@hotmail.com;03497;491017;Norte
2100400200;EMPALME SAN CARLOS;;comunaempalmesancarlos@hotmail.com;0342;4998016;Norte
2100500200;FRANCK;30674595448;comuna@franck.gob.ar;0342;4930124/408/409;Norte
2100600200;GRUTLY;30681943508;grutlycomuna@gmail.com;0396;492506;Norte
2100700200;HIPATIA;;comunadehipatia@hotmail.com;03497;488547;Norte
2100800200;HUMBOLDT;;comuna.humboldt@gmail.com;03496;480113/089;Norte
2100900200;ITUZAINGO;;comunacoloituzaingo@secchiservicios.com;03497;495712/495998;Norte
2101000200;JACINTO L. ARAUZ;30681978549;comunadearauz@netbal.com.ar;03497;495713;Norte
2101100200;LAS TUNAS;30678356235;comunalastunas@sjncable.com.ar;0342;4992003;Norte
2101200200;MARIA LUISA;;comunamarialuisa@gmail.com;03497;496108;Norte
2101300200;MATILDE;30674573576;comunadematilde@gmail.com;342;4993040/218/217;Norte
2101400200;PILAR;;comuna@pilar-sfe.com.ar;03404;470028/246/400;Norte
2101500200;PROGRESO;;comunadeprogreso@yahoo.com.ar;03497;488193/032;Norte
2101600200;PROVIDENCIA;30678391758;comunadeprovidencia@yahoo.com.ar;03497;492004 / 492123;Norte
2101700200;PUJATO NoRTE;30674614426;cpujatoNorte@gmail.com;03496;437022;Norte
2101800200;RIVADAVIA;30678374454;comunaderivadavia@gmail.com;03496;420337;Norte
2101900200;SA PEREIRA;;comunasape@yahoo.com.ar;03404;494044/186;Norte
2102000200;SAN AGUSTIN;;comuna@comunasanagustin.gob.ar;0342;4907017/60/23;Norte
2102100100;SAN CARLOS CENTRO;30674574327;admin-mun@scarlos.com.ar;03404;420021;Norte
2102200200;SAN CARLOS SUR;;comunasud@scarlos.com.ar;03404;420189/421213;Norte
2102300200;SAN JERONIMO DEL SAUCE;30692368998;comunasjs@sjncable.com.ar;03404;495017/213;Norte
2102400200;SAN JERONIMO NoRTE;30678353953;comuna@sanjeronimosud.gov.ar;03404;460251-460520-460025;Norte
2102500200;SAN MARIANo;;comunasanmariaNo@hotmail.com;03404;452015;Norte
2102600200;SANTA CLARA DE BUENA VISTA;;comunaclara@cablettv.com.ar;03404;493123/212;Norte
2102700200;SANTA MARIA CENTRO;;smariacentro@pilar-sfe.com.ar;03404;453799/156;Norte
2102800200;SANTA MARIA NoRTE;30678382023;comunasmn@wilnet.com.ar;03404;453020;Norte
2102900200;SANTO DOMINGO;30678356545;comunasd@gmail.com;03497;498011/134;Norte
2103000200;SARMIENTO;30678388064;comunasarmiento@coopsarmiento.com.ar;03497;497291/037;Norte
2103100200;SOUTOMAYOR;;comunasoutomayor@chsistemas.com.ar;03497;495716;Norte
2110200200;GATO COLORADO;;comunagc@gmail.com;03491;499006;Norte
2110300200;GREGORIA P DE DENIS;30674374093;fernandodiaz06@yahoo.com.ar;03491;484176/484032;Norte
2110400200;JUAN DE GARAY;33674391159;comunajuandegaray@hotmail.com;3491;479165;Norte
2110500200;LOGRONo;;comunadelogroño@gmail.com;03491;490033;Norte
2110600200;MONTEFIORE;;comunademontefiore@interceres.com.ar;03491;485009;Norte
2110700200;POZO BORRADO;;comunapb@gmail.com;03491;497068/036;Norte
2110800200;SAN BERNARDO;30699252766;comunasanbernardo9dejulio@gmail.com;03491;479700;Norte
2110900200;SANTA MARGARITA;;comunasantamargarita@yahoo.com.ar;03491;483037/42;Norte
2111000100;TOSTADO;30674338348;personal_municip@yahoo.com.ar;03491;470482-470650;Norte
2111100200;VILLA MINETTI;30999136741;comunavm@hotmail.com;03491;496022/70;Norte
2130100200;AGUARA GRANDE;30674277748;aguaragrande@santafe.gov.ar;03408;425408;Norte
2130200200;AMBROSETTI;;comuna_ambrosetti@arnet.com.ar;03491;492036/092/202;Norte
2130300200;CAPIVARA;;comunadecapivara@hotmail.com;03408;427112;Norte
2130400200;COLONIA ANA;;comcolana@sanguillermo.com.ar;03562;466713/465580;Norte
2130500200;COLONIA BOSSI;30674298559;comunacolbossi@cooptacural.com.ar;03409;420480/420494;Norte
2130600200;COLONIA DOS ROSAS Y LA LEGUA;33684352429;comunadosrosasylalegua@yahoo.com.ar;03562;478229/476229;Norte
2130700200;CONSTANZA;;comunaconstanza@secchiservicios.com.ar;03409;498706;Norte
2130800200;CURUPAYTI;30674281281;comunacurupaity@gmail.com;03491;493275;Norte
2130900200;HUANQUEROS;30674267955;comunadehuanqueros@gmail.com;03408;423377/424896;Norte
2131000200;LA CABRAL;;comunacabral@gmail.com;03408;423450;Norte
2131200200;LA LUCILA;;comunadelalucila@hotmail.com;03408;424870;Norte
2131300200;LAS AVISPAS;;comunalasavispas@gmail.com;03491;492715;Norte
2131400200;LAS PALMERAS;;LASPALMERAS@INTERCLASS.COM.AR;03409;491005/095;Norte
2131500200;MOISES VILLE;;cmoisesville@gmail.com;03409;420026/42;Norte
2131600200;MONIGOTES;30674253032;comunamonigotes@hotmail.com;03409;4960062;Norte
2131700200;MONTE OSCURIDAD;30684347825;comunamonteoscuridad@gmail.com;03562;477291;Norte
2131800200;PALACIOS;30674306373;comunadepalacios@gmail.com;03409;492010;Norte
2131900200;PORTUGALETE;;comunadeportugalete@yahoo.com.ar;03408;429976;Norte
2132000200;SAN GUILLERMO;30-67427569;comunahacienda@sanguillermo.com.ar;03562;465590;Norte
2132100200;SANTURCE;;comunasanturce@yahoo.com.ar;03408;427100;Norte
2132200200;SOLEDAD;33684389519;comunadesoledad3025@gmail.com;03498;498055;Norte
2132300200;SUARDI;;municipalidadsuardi@suardi.com.ar;03562;477112;Norte
2132400200;VILLA SARALEGUI;63674287603;comunadevillasaralegui@gmail.com;03498;427911;Norte
2140100200;ALEJANDRA;30674337805;comualej@csdnet.com.ar;03405;492199/492107/492220;Norte
2140200200;CACIQUE ARIACAIQUIN;30678429771;caciquearacaiquinf@myc-santafe.gov.ar;03405;496027;Norte
2140300200;COLONIA DURAN;30674356257;comunaduran@gmail.com;03482;456721;Norte
2140400200;LA BRAVA;30674343945;comunalabrava@gmail.com;03405;494012;Norte
2140500100;SAN JAVIER;;municipalidadsanjavier@hotmail.com;03405;15501465;Norte
2150100200;CAMPO PIAGGIO;;comunadepiaggio@cablenettv.com.ar;03404;498145;Norte
2150200200;CASALEGNo;;cicapollic@cosmol.com.ar;03466;490024;Norte
2150300200;CENTENo;;comunacenteNo@redcrs.com.ar;03401;498210/222;Norte
2150400200;DESVIO ARIJON;30999026253;comunadesvio@hotmail.com;0342;4900163/180;Norte
2150500200;ESTACION DIAZ;33999047829;comudiaz@coopdiaz.com.ar;03466;496118 - 496130;Norte
2150600200;GABOTO;30674151809;contacto@comunagaboto.com.ar;03476;488020/488319;Norte
2150700200;IRIGOYEN;30674142249;comunairigoyen@cablenet.com.ar;03466;491011;Norte
2150800200;LARRECHEA;;comunalarrechea@iscoronda.com.ar;03404;499023;Norte
2150900200;MACIEL;30674151043;comunademaciel@setinet.com.ar;03476;470206;Norte
2151000200;SAN EUGENIO;;comunasaneugenio@live.com.ar;03404;482798;Norte
2151100200;SAN FABIAN;30674150675;comunasanfabian@yahoo.com.ar;03466;492085/118;Norte
2160100200;ANGELONI;patricia;comangeloni@natbai.com.ar;03498;15403307;Norte
2160200200;CAYASTACITO;30678364971;comunacayastacito68@hotmail.com;03497;486001/044/099;Norte
2160250200;COLONIA DOLORES;33686934069;comunacoloniadolores@lenet.com.ar;03498;487010/480435;Norte
2160300200;CRESPO;;comunagcrespo@yahoo.com.ar;03498;480264/499;Norte
2160400200;ESTHER;;comunadecoloniaesther@hotmail.com;03497;427022;Norte
2160500200;LA CAMILA;33678365659;seccomunalacamila@coopvelac.com.ar;03498;472000/013;Norte
2160600200;LA CRIOLLA;30678359064;comunalacriolla@hotmail.com;03498;495359/214;Norte
2160700200;LA PENCA Y CARAGUATA;;lapenca@lenet.com.ar;03498;491020;Norte
2160800200;MARCELINo ESCALADA;30681939683;comunamNoescalada@gmail.com;03498;493034;Norte
2160900200;NARE;;comunadenare@yahoo.com.ar;03498;494002;Norte
2161000200;PEDRO GOMEZ CELLO;;comunapgcello@hotmail.com;03483;491020;Norte
2161100200;SAN BERNARDO;;comunadesanbernardo@hotmail.com;03498;423034;Norte
2161200100;SAN JUSTO;30999027799;muni_personal@yaoo.com.ar;03498;425501;Norte
2161300200;SAN MARTIN NoRTE;30678431164;comunasanmartinNorte@gmail.com;03498;471023;Norte
2161400200;SILVA;30678428473;comunadesilva@lenet.com.ar;03498;480591;Norte
2161500200;VERA Y PINTADO;30678365587;comunaveraypintado@lenet.com.ar;03498;496017;Norte
2161600200;VIDELA;30678349727;comunadevidela@gmail.com;03498;490028;Norte
2180100200;CANADA ROSQUIN;;ccrosquin@velosat.com.ar;03401;470143/188/167;Norte
2180200200;CARLOS PELLEGRINI;;presidencia@comunacarlospellegrini.com.a;03401;480065/480321;Norte
2180300200;CASAS;;comunacasas@arnet.com.ar;03401;494109/048;Norte
2180400200;COLONIA BELGRANo;;comunacoloniabelgraNo@yahoo.com.ar;03404;496328/112;Norte
2180500200;CRISPI;;comunacrispi@gmail.com;0406;493001;Norte
2180600100;EL TREBOL;33674645029;rtaborda@eltrebol.gov.ar;30401;422181;Norte
2180700200;LANDETA;;comunalandeta@gmail.com;03406;497253;Norte
2180800200;LAS BANDURRIAS;;comunadelasbandurrias@hotmail.com;03401;421636;Norte
2180900200;LAS PETACAS;;comunalaspetacas@hotmail.com;03406;494210/033;Norte
2181000200;PIAMONTE;;comunadepiamonte@gmail.com;03401;455383/143;Norte
2181200200;SAN MARTIN DE LAS ESCOBAS;30999048982;contaduria@comunasme.gob.ar;03406;498238/498242;Norte
2181300100;SASTRE;30674637523;privada@sastre.gob.ar;03406;480090;Norte
2181400200;TRAILL;30674650554;comunatraill@cablenet.com.ar;03406;441900;Norte
2190200200;FORTIN OLMOS;30674364756;comunadefortiNolmos@gmail.com;03483;492132/190/050;Norte
2190300200;GOLONDRINA;;sorafernandez@gmail.com;03482;490596;Norte
2190400200;INTIYACO;;comunaintiyacook@gmail.com;03482;490303/490369;Norte
2190500200;LOS AMORES;;comunalosamores@hotmail.com;03482;490486;Norte
2190600200;MARGARITA;;comuna@cosemar.com.ar;03483;498210/486/732;Norte
2190700200;TARTAGAL;;comunatartagal@hotmail.com;03482;490564;Norte
2190800200;TOBA;;comunatoba@hotmail.com;;;Norte
4015000000;AGENCIA SEGURIDAD ALIMENTARIA;30711660484;;0342;4573718;Norte
4020010000;I.A.P.I.P.;30674151426;iapip_coronda@yahoo.com.ar;0342;4910060;Norte
4070010000;DIRECCION PROVINCIAL DE VIALIDAD;30999187230;sofiagutierrez@santafe.gov.ar;0342;4573555;Norte
4070020000;DIRECCION PROVINCIAL DE VIVIENDA;;;;4815670 op 4 / opc 4;Norte
0014960000;San Miguel Arcangel;30714013579;EPI1496@GMAIL.COM;0342;4960729;Norte
4080010000;CAJA DE JUB. Y PENS. DE LA PCIA.;30119292929;cajav50@yahoo.com.ar;0342;4572651;Norte
0031850000;ESC. LA UNION DE LAS FAMILIAS;;efakm50@hotmail.com;;;Norte
4097000000;LAB. PROD. DE FARMACOS MED. S.E;;nmicheloud.lif@santafe.gov.ar;342;4579231 int 42;Norte
5106000000;S.A.M.C.O - ESPERANZA;30682020551;cpnrudisusana@arnet.com.ar;03496;420263;Norte
5132000000;S.A.M.C.O - SAN JORGE;;lpiccato@hospitalsanjorge.com.ar;03406;441666;Norte
5200000100;ASOC. CIVIL SAN JOSE;30584794980;admisj@sanjosesunchales.com.ar;03493;423890;Norte
5201010000;CAJA DE JUB. DE ABOGADOS Y PROCURADORES;30674605311;cleruma@yahoo.com.ar;0342;4580254;Norte
5204010000;CAJA FORENSE 1RA. CIRC.;;contaduria@cajaforensesantafe.org.ar;;;Norte
5311010000;CONSEJO PROF. DE CS. ECONoMICAS 1A. CIR.;33650304409;cra-virginia@cpn.org.ar;0342;4593450;Norte
5403010000;COLEGIO DE ESCRIBANoS 1RA. CIRC.;30999002478;;0342;4598035;Norte
5406010000;COLEGIO DE MEDICOS 1RA. CIRC.;30674610846;raulijose@fibertel.com.ar;0342;4520312;Norte
5407010000;COLEGIO DE ODONTOLOGOS 1RA. CIRC.;30543694254;cleruma@yahoo.com.ar;0342;4534795;Norte
5409010000;COLEGIO DE MEDICOS VETERINARIOS 1A. CIR.;30628696477;administracion@colveterinariossfe.com.ar;0342;4556427;Norte
5413010000;COLEGIO DE MAESTROS M DE OB. 1RA. CIRC.;30614609449;contaduria@cptsantafe.org;0342;4593329/4597022;Norte
5416010000;COLEGIO DE PSICOPEDAGOGOS 1RA. CIRC.;30635430342;;0342;4528086;Norte
5418010000;COLEGIO DE ING CIVIL 1RA CIRC;33-67834699;contable@cpicd1.org.ar;0342;4593331;Norte
5419010000;COLEGIO DE PODOLOGOS DE LA PCIA.STA.FE;;cpodologosfe2011@gmail.com;342;4563799;Norte
5421010000;COLEGIO DE PROF. EN ENFERMERIA 1 CIRC.;30692384446;aliciarocha@arnet.com.ar;0342;4581832;Norte
5423010000;COL.DE DIET.,NUT.-DIET.Y LIC.NUT.1=CIRC.;;admnistracion@colegionutricionsf.org.ar;342;4122072;Norte
5424010000;COLEGIO DE TRADUCTORES 1§ CIRC.;30686993503;colegio@traductoresantafe.org.ar;0342;4565922;Norte
5426010000;COL. DE KINESIOLOGOS, F Y TF 1RA. CIRC.;30631267439;;342;4528425;Norte
5511040000;CTE DE CUENCA LOGRO¥O;;comitecuencalogronio@gmail.com;03491;15687062;Norte
5511070000;CTE DE CUENCA POZO BORRADO;33674337049;;03491;497036;Norte
5511090000;CTE DE CUENCA VILLA MINETTI;30674377203;comitecca02@hotmail.com;03491;15413793/496022;Norte
5606010000;CONSEJO ADM. HOSPITAL PROTOMEDICO;30678351357;hphospital@arnetbiz.com.ar;0342;4905700;Norte
5607010000;CONSEJO ADM. HOSPITAL ITURRASPE;;;;4575757 I 236 457520;Norte
5608010000;TUNEL SUBFLUVIAL S. BEGNIS - URANGA;;dptoliquidaciones@tunelsubfluvial.gov.ar;;;Norte
5609010000;CONSEJO ADM. LEY 4547;30707801340;consejoley4547@santafe.gov.ar;0342;4573700;Norte
5611010000;HOSPITAL SAYAGO;33678351429;administracion_sayago@santafe.gov.ar;0342;4579240;Norte
5614010000;NUEVO BANCO SANTA FE S.A.;30692432661;souzap@bancobsf.com.ar;0341;4294424;Norte
5710000000;LAB. PROD. DE FARMACOS MEDICINALES;30707618716;imantaras.lif@santafe.gov.ar;0342;4579231;Norte
5555555555;MI ORGANISMO DE PRUEBA;20249128342;javierfontanellaz@yahoo.com.ar;0342;232323;Norte
0080910000;JOSE M. ESTRADA;30674294596;spep8091@gmail.com;03562;477140;Norte
0013060000;LA INMACULADA;;sebastianboNo@colegioinmaculda.edu.ar;;;Norte
1114000200;Secretaria de Estado de la Energia;30712161384;SEC.ENERGIA@SANTAFE.GOV.AR;0342;4572190;Norte
5513014000;CTE. CUENCA LAGUNA SETUBAL;;;0342;4532712;Norte
2140200000;Colonia Teresa;;comunacoloniateresa@hotmail.com;03405;15688553;Norte
4070090000;Santa Fe Gas y Energias ReNovables;;sdonal@santafe.gov.ar;;;Norte
0031840000;San Francisco;30687023028;sec3184_santafe@santa.edu.ar;0342;451477;Norte
0031860000;Escuela 3186 Alberto Monti;;secundarioalbertomonti@gmail.com;0342;4842739;Norte
0031870000;Centro Educ. Jerarquicos Sec.;;secundario@jerarquicos.com;342;4504874;Norte
0041020000;UDA;;isp.uda.santafe@gmail.com;0342;4522841;Norte
0015100000;Jardin Concordia;30601652281;spep1258@gmail.com;03482;496310;Norte
1205200100;Mtrio. de Ambiente y Cambio Climatico;30715112945;privadamaycc@santafe.gob.ar;342;4579200;Norte
0031900000;Esc. La vuelta del Paraguayo;30714310263;bachirevuelto@gmail.com;342;5204146;Norte
0010020000;SAN CARLOS;30676927014;sancarlosadm@gmail.com;03476;422580;Sur
0010140000;MARIA AUXILIADORA;30676917221;mauxsue@gmail.com;0341;4214278;Sur
0010200000;NUESTRA SE¥ORA DE LOS ANGELES;30676924422;spep8027@gmail.com;0341;4250914;Sur
0010220000;SAN BARTOLOME;30529286135;colsanbartolomeadm@gmail.com;0341;4406268;Sur
0010230000;SANTA ROSA;30674772676;admin@santarosavt.com.ar;03462;421335;Sur
0010320000;LA ARGENTINA;20060688045;Prim1032_rosario@santafe.edu.ar;0341;4637147;Sur
0010390000;SAN FRANCISCO;;;03382;471419;Sur
0010440000;SANTA ISABEL;;escn1044@arnetbiz.com.ar;;;Sur
0010470000;SANTISIMO ROSARIO;30707914633;colsantrosariosueldos@hotmail.com;0341;4636761;Sur
0010480000;DANTE ALIGHIERI;30676919445;sueldos@danterosario.com.ar;0341;4488818;Sur
0010520000;NUESTRA SE¥ORA DE GUADALUPE;;nsguadalupeadm@hotmail.com;;;Sur
0010620000;NUESTRA SE¥ORA DEL PERPETUO SOCORRO;30673968704;nsdelps@futurnet.com.ar;03468;481018;Sur
0010630000;NUESTRA SE¥ORA DE LA MISERICORDIA;30676921210;admin-misericordia@fibertel.com.ar;0341;4488184;Sur
0010780000;DIVINo MAESTRO;30633357141;susanaabac@hotmail.com;03382;470033;Sur
0010830000;SANTA ROSA DE VITERBO;;colegiosantarosa1083@gmail.com;;;Sur
0010850000;SAGRADO CORAZON;30639404842;editardini@arnet.com.ar;3462;421174;Sur
0011040000;SANTA MONICA;30676927189;santamonica@arnet.com.ar;03476;425134;Sur
0011060000;NUESTRA SE¥ORA DE LOS MILAGROS;30676923434;prim1106_capitanbermudez@santafe.edu.ar;0341;4912632;Sur
0011100000;NUESTRA SE¥ORA DE LOS ANGELES;;esc1110@godata.com.ar;;;Sur
0011140000;NUESTRA SE¥ORA DEL ROSARIO;30674021115;prim1114_arequito@santafe.edu.ar;03464;471147;Sur
0011150000;SAN JOSE;30677509518;prim1115_rosario@santafe.edu.ar;0341;4324884;Sur
0011200000;SAN FRANCISCO DE ASIS;30680846045;sole.rp@hotmail.com;03465;470532;Sur
0011310000;JOSE RAZETTO;30673855861;irazetto@cdg.org.ar;03471;422812;Sur
0011420000;SAN JOSE;30674750877;prim1142_villacanas@santafe.edu.ar;03462;450566;Sur
0011460000;DINAD;30543517271;dinadrosario@arnet.com.ar;0341;440-0361;Sur
0011480000;MARCELO PAZ;30675029039;ivancamatsyasoc@hotmail.com;03460;496206;Sur
0011540000;NUESTRA SE¥ORA DE LA MEDALLA MILAGROSA;33676928249;quique@medallamilagrosa.edu.ar;0341;4546250;Sur
0011580000;SANTO TOMAS DE AQUINo;30677515895;administracion@stomas.redfasta.edu.ar;0341;4629050;Sur
0011630000;PADRE RAFAEL CANTILO;30540626215;epcantilo@citynet.net.ar;0341;4828725;Sur
0011750000;JUAN XXIII;30517995734;lcardinali@arnetbiz.com.ar;03465;15525019;Sur
0011820000;SAN LUIS GONZAGA;30676931860;slgonzaga@arnetbiz.vom.ar;0341;4390413;Sur
0011860000;NINo JESUS;30677513817;aliciafaleroni@hotmail.com;03460;470085;Sur
0011890000;ESCUELA GOETHE ARGENTINA;30529651372;administracion@goetherosario.org;0341;4263024;Sur
0011920000;JESUS DE NAZARET;30707841962;dortiz@jesusdenazaret.edu.ar;0341;4638986;Sur
0012060000;CANEA;;caparrozp@hotmail.com;;;Sur
0012210000;MARIA MADRE DE LA IGLESIA;30677513981;escuelammi1221@hotmail.com;341;4645589;Sur
0012330000;COLEGIO ESPANoL;30707919120;informes@colegioespaNolrosario.edu.ar;0341;4813134 - 4851894;Sur
0012460000;NUESTRA SE¥ORA DE LA MISERICORDIA;30676921385;admin-misericordia@fibertel.com.ar;0341;4488184;Sur
0012510000;COMPLEJ.INF.DR.GERMAN GMEINER;33685434119;;0341;4316515;Sur
0012550000;BAMBI;;cpnanamariabruna@hotmail.com;;;Sur
0012620000;SAN JOSE OBRERO;30689159318;sjo1262@gmail.com;0341;4549604;Sur
0012650000;LUIS RAVERA;30653541623;aprodece@colegiorosario.edu.ar;341;4821826;Sur
0012660000;SAGRADO CORAZON;30612191081;laualarcon@hotmail.com;0341;4487738;Sur
0012690000;DANTE ALIGHIERI;30676919755;sueldos@danterosario.com.ar;0341;4488818;Sur
0012700000;LA SALLE;;info@lasallerosario.edu.ar;;;Sur
0012710000;SAN LUIS GONZAGA;30676931930;jslgonzaga@arnetbiz.com.ar;0341;4390413;Sur
0012750000;SAGRADO CORAZON;30639567040;editardini@arnet.com.ar;3462;421174;Sur
0012770000;NUESTRA SE¥ORA DE LA GUARDIA;30677510915;prim1277_rosario@santafe.edu.ar;0341;4632084;Sur
0012920000;DANTE ALIGHIERI;30626909082;mauroserra@hotmail.com;03400;470007;Sur
0013000000;SANTA ROSA;30674772811;admin@santarosavt.com.ar;03462;421335;Sur
0013080000;VAMOS A JUGAR;30677437371;jardin1308_rosario@santafe.edu.ar;0341;4855875;Sur
0013090000;FUENTE DE VIDA;30640598464;elena@poudesyasociados.com.ar;0341;4575012;Sur
0013120000;NUESTRA SE¥ORA DEL ROSARIO;;rec_humaNosnsr@maristasrosario.org.ar;;;Sur
0013170000;GIUSEPPE GARIBALDI;30643398075;rosare38@gmail.com;0341;4326763;Sur
0013300000;CONNAR;30655700052;connar@fibertel.com.ar;0341;4852263;Sur
0013480000;DANTE ALIGHIERI;30673878969;admalighieri@gmail.com;03471;452876;Sur
0013600000;COMPLEJO EDUCATIVO DE ALBERDI;30676902798;marianadieguez@hotmail.com;0341;4542973;Sur
0013620000;SANTISIMO ROSARIO;30707914641;colsantrosariosueldos@hotmail.com;0341;4636761;Sur
0031790000;CRISTIANo REDENTOR SEC.;30708250194;sec3179_sanlorenzo@santafe.edu.ar;03476;431714;Sur
0013710000;COLEGIO DEL SOL;33643368469;stella1371@hotmail.com;0341;4373190;Sur
0013870000;MANUEL BELGRANo;30707869840;anghileri.mary@gmail.com;0341;4913750;Sur
0013880000;INST. EMILIO ORTIZ GROGNET;30649255926;grognetcolegio@hotmail.com.ar;341;4554375;Sur
0013910000;SAN BARTOLOME;30529286135;colsanbartolomeadm@gmail.com;0341;4406268;Sur
0014250000;NUESTRA SENoRA DE LA PAZ;33685524649;spep1425@gmail.com;0341;4921347;Sur
0014270000;SAN ISIDRO LABRADOR;30690906887;;0341;4316515;Sur
0014570000;COLEGIO ESPANoL;30707919147;informes@colegioespaNolrosario.edu.ar;0341;4813134 - 4851894;Sur
0014600000;JARDIN INF. JESUS DE NAZ;33707841929;dortiz@jesusdenazaret.edu.ar;0341;4638986;Sur
0014610000;JOAN MIRO;30707804919;ramiroinda@yahoo.com.ar;0341;4252308;Sur
0014630000;MADRE TERESA DE CALCUTA;30-67502095;madreteresa1463@gmail.com;0341;430-5680;Sur
0014660000;SOL DE FUNES;30708931116;stella1371@hotmail.com;0341;4931494;Sur
0014690000;SOL DE FUNES;30708931116;stella1371@hotmail.com;0341;4937272;Sur
0014890000;JARDIN ESC. GOETHE;30529651372;administracion@goetherosario.org;0341;4263024;Sur
0020090000;IMMANUEL KANT;30547191761;defkant@gmail.com;041;4909083 - INT 104;Sur
0020460000;JESUS DE NAZARET;30516692215;dortiz@jesusdenazaret.edu.ar;0341;4638986;Sur
0020590000;PBRO.JORGE R.ROSALES;30655709513;esctec_2059@yahoo.com.ar;02473;480143;Sur
0020610000;NAZARET;30676926573;tnf2061_rosario@santafe.edu.ar;0341;4371127;Sur
0020760000;E.E.S.P.I SAN FRANCISQUITO;30711226180;sec2076_rosario@santafe.edu.ar;0341;4324884;Sur
0030360000;MARIA MADRE DE LA IGLESIA;33677514049;sec3036_rosario@santafe.edu.ar;0341;4647478;Sur
0030370000;NATIVIDAD DEL SENoR;30710154259;eempi3037@yahoo.com.ar;0341;4559254;Sur
0030390000;COLEGIO PARQUE ESPA¥A;33708146299;admin@colegioparqueespana.edu.ar;0341;4215221;Sur
0030620000;COLEGIO DEL SOL;33643368469;stella1371@hotmail.com;0341;4399479;Sur
0030660000;SAN PABLO;30711389322;pavonpatricia@gmail.com;0341;4578901;Sur
0030780000;NEWELLS OLD BOYS;30526347419;LROMAGNoLI@NEWELLSOLDBOYS.COM.AR;0341;4811695;Sur
0030800000;DANTE ALIGHIERI;30626909082;serram349@gmail.com;03400;470007;Sur
0030880000;SAN BARTOLOME;30529286135;colsanbartolomeadm@gmail.com;0341;4406268;Sur
0030890000;PADRE JORGE BERTI;30690841602;sec3089_rosario@santafe.edu.ar;0341;4322776;Sur
0030960000;NICOLAS DE TOLENTINo;30690874977;csonzogni65@gmail.com;0341;4391212;Sur
0030990000;DANTE ALIGHIERI;30673878969;admalighieri@gmail.com;03471;452876;Sur
0031120000;SANTO TOMAS DE AQUINo;30707577165;fcosci@santotomas.redfasta.edu.ar;0341;4629050;Sur
0031130000;EMILIO ORTIZ GROGNET;30649255926;grognetcolegio@gmail.com.ar;341;4554375;Sur
0031210000;SOL DE FUNES;30708931116;stella1371@hotmail.com;0341;4931494;Sur
0031360000;SAN PEDRO JULIAN EYMARD;30711075506;epcantilo@citynet.net.ar;0341;4828725;Sur
0031490000;SANTA CLARA DE ASIS;30711011877;sec3149_villagdorgalvez@santafe.edu.ar;0341;3176575;Sur
0031530000;CENTRO EDUCATIVO DE ALBERDI;;marianadieguez@hotmail.com;;;Sur
0031570000;INST. ADVENTISTA CAP. BERMUDEZ;30707869840;anghileri.mary@gmail.com;0341;4913750;Sur
0031620000;NUESTRA SENoRA DE LA PAZ;30711070350;spep3162@gmail.com;0341;4921347;Sur
0031710000;SAN MIGUEL DE ARCANGEL;30711064776;escuela3171@hotmail.com;0341;4380086 - 4373179;Sur
0031740000;DANTE ALIGHIERI;30711346178;sueldos@danterosario.com.ar;0341;4488818;Sur
0031770000;MARIA AUXILIADORA;30676917221;mauxsue@gmail.com;0341;4214278;Sur
0040040000;VIRGEN DEL ROSARIO;30676931313;pablovalenta@gmail.com;341;4384694;Sur
0040050000;SANTISIMO ROSARIO;30707914684;colsantrosariosueldos@hotmail.com;0341;4636761;Sur
0040090000;INSTITUTO DE CIENCIAS COMERC.;30600437352;abaron@aderosario.com.ar;0341;4254644;Sur
0040140000;INSTITUTO SUP.DE COMP.ADMINIST;30677516644;spep4014@gmail.com;03476;428905;Sur
0040160000;HUMANITAS;30676926026;pablovalenta@gmail.com;341;4384694;Sur
0040280000;CARD.ANTONIO CAGGIANo;30676928932;pablovalenta@gmail.com;341;4384694;Sur
0040300000;ISEI;30658196630;f_otegui2005@hotmail.com;0341;4476072;Sur
0040400000;CENTRO ESTUDIOS BANCARIOS;30684722928;mmayer@ces.edu.ar;0341;4498206 - 4470964;Sur
0040480000;DE DISE¥O GRAFICO;30-64289447;superior4048_rosario@santafe.edu.ar;0341;4494955;Sur
0040510000;COMUN.VISUAL CTRO.DE IN.;30707019685;administracion@cvisual.edu.ar;0341;4252984;Sur
0040640000;TALLER ESC. AGENCIA (TEA);20121247004;stella1371@hotmail.com;0341;4350522;Sur
0040650000;PABLO MIRIZZI;27223795051;vmestudio@fibertel.com.ar;0341;4860993;Sur
0040680000;INSTITUTO PARQUE ESPA¥A;30708146265;admin@colegioparqueespana.edu.ar;0341;4215221;Sur
0040700000;INSTITUO DE EST. SUP. EN RR HH;30690885995;contable@ieserh.com.ar;0341;4496992;Sur
0040880000;INSTITUTO SUPERIOR DE MECANICA DENTAL;33709042969;cpn@cpnconsultores.com.ar;0341;4250480;Sur
0040910000;INST.SUP.PART. VINCULO;30684706612;garcialucrecia34@yahoo.com.ar;0341;4403687;Sur
0040940000;INSTITUTO SUPERIOR GATO DUMAS;30694805627;ggarcia@gatodumas.com;0341;4255052;Sur
0080040000;LICEO AVELLANEDA;30535673183;;0341;4481588;Sur
0080190000;SAGRADO CORAZON;30674772293;editardini@arnet.com.ar;3462;421174;Sur
0080320000;SANTA ROSA;30674772749;admin@santarosavt.com.ar;03462;421335;Sur
0080430000;ING.PEDRO CRISTIA-ZNoRTE-;30676926190;ciocca@citynet.net.ar;0341;4382849;Sur
0080530000;SANTISIMO ROSARIO;33707914659;colsantrosariosueldos@hotmail.com;0341;4636761;Sur
0080640000;LA INMACULADA;30680438508;sec8064_rosario@santafe.edu.ar;0341;4561301;Sur
0080660000;ZONA PARQUE;30535448430;info@escuelazonaparque.com;0341;4311597;Sur
0080830000;SAN CARLOS;30676916926;sancarlosadm@gmail.com;03476;422580;Sur
0080870000;NUESTRA SE¥ORA DE GUADALUPE;;nsguadalupeadm@hotmail.com;;;Sur
0040990000;INSTITUTO SINAPSIS;30710577567;info@institutosinapsis.edu.ar;0341;4241324;Sur
0080980000;WHEELWRIGHT;30538406992;escmedia_8098@yahoo.com.ar;02473;480143;Sur
0080990000;SAN FRANCISCO SOLANo;30611570550;sec8099_rosario@santafe.edu.ar;0341;4388732;Sur
0081290000;JOSE RAZZETO;30673855799;irazetto@dg.org.ar;03471;422812;Sur
0081540000;SANTA JUSTINA;30677518312;eempisantajustina@hotmail.com;03402;461246;Sur
0081630000;SAN JOSE;;secretaria8163@gmail.com;;;Sur
0081710000;NAZARET;33542047939;sec8171_funes@santafe.edu.ar;0341;4931737;Sur
0081730000;JUAN XXIII;30520070733;;03468;498039;Sur
0081800000;SAGRADA FAMILIA;33673971879;safacasilda@gmail.com;03464;422577;Sur
0081870000;COM.ALVEAR;33550760369;estudio.polinesi@gmail.com;0341;4924703;Sur
0081900000;NUESTRA SE¥ORA DE LOS MILAGROS;30676923299;sec8190_capitanbermudez@santafe.edu.ar;0341;4912632;Sur
0081990000;NUESTRA SE¥ORA DE LA GUARDIA;30677518487;sec8199_rosario@santafe.edu.ar;0341;4632084;Sur
0082220000;GOETHE;30529651372;administracion@goetherosario.org;0341;4263024;Sur
0082250000;SAN PATRICIO;30556014635;acsp@fibertel.com.ar;0341;4301775;Sur
0082280000;SANTA ISABEL DE HUNGRIA;30677509445;sec8228_rosario@santafe.edu.ar;0341;4318684;Sur
0082480000;ESC.FLIA.AGRICOLA;30642946273;efatotoras@yahoo.com.ar;03476;467050;Sur
0090060000;DANTE ALIGHIERI;30676919518;sueldos@danterosario.com.ar;0341;4488818;Sur
0090090000;S.I.B.DE LA SALLE;;info@lasallerosario.edu.ar;;;Sur
0090240000;INMAC.CONCEP.DE ADORATRICES;30676922063;adoratrices@arnetbiz.com.ar;0341;4257659;Sur
0090260000;MARIA AUXILIADORA;30676917221;mauxsue@gmail.com;0341;4214278;Sur
0090730000;JOSE MANUEL ESTRADA;30544894621;ise9073@gmail.com;03460;420121;Sur
0090880000;VIRGEN DE LA MERCED;30674777627;mlujandagostiNo@gmial.com;03465;423855;Sur
0091230000;SAN BARTOLOME;30529286135;colsanbartolomeadm@gmail.com;0341;4406268;Sur
0091260000;NUESTRA SE¥ORA DE LA MEDALLA MILAGROSA;33540432649;victor@medallamilagrosa.edu.ar;0341;4546250;Sur
0091560000;NUESTRA SE¥ORA DEL PERPETUO SOCORRO;30708189452;nsdelps@futurnet.com.ar;03468;481018- 481043;Sur
0092030000;CRUZ ROJA ARGENTINA;30546033925;andreabocchiocp@hotmail.com;03464;421103;Sur
0092460000;HOSPITAL OLIVEROS;30649752385;fundacioNoliveros@cosolnet.com.ar;03476;498835;Sur
2010200200;BOUQUET;30-67383986;comunadebouquet@gmail.com;03471;496380;Sur
2010300100;LAS PAREJAS;33673852969;personal@lasparejas.gov.ar;03471;471217;Sur
2010400100;LAS ROSAS;30-65486526;rrhh@lasrosas.gob.ar;03471;451001;Sur
2010500200;MONTES DE OCA;;comunademontesdeoca@hotmail.com.ar;03471;495072/474;Sur
2010600200;TORTUGAS;;comutor@hotmail.com;03471;494186;Sur
2020100200;AREQUITO;;info@comunaarequito.gov.ar;03464;471201/106;Sur
2020200200;ARTEAGA;;info@arteaga.gov.ar;03467;450191/922;Sur
2020300200;BERABEVU;;info@comunaberabebu.com.ar;03465;494225/396;Sur
2020400200;BIGAND;30677475486;elba_ana2008@hotmail.com;03464;461015-461607;Sur
2020500200;CHABAS;30999080126;administracion@chabas.gov.ar;03464;480240/264/573;Sur
2020600200;CHANAR LADEADO;33999128489;tesoreria@futurnet.com.ar;03468;481221/256/482265;Sur
2020700200;GODEKEN;30999131316;cgodeken@futurnet.com.ar;03465;498127;Sur
2020800200;LOS MOLINoS;30673973619;comunalosmoliNos@dat1.net.ar;03464;495106/058;Sur
2020900200;LOS QUIRQUINCHOS;33656693679;comunalosquirquinchos@hotmail.com.ar;03465;496035/076;Sur
2021000200;SAN JOSE DE LA ESQUINA;;comunasanjose@godata.com.ar;03467;461015;Sur
2021100200;SANFORD;;comunasandford@dat1.net.ar;03464;496399/135/146;Sur
2021200200;VILLADA;;comunadevillada@knett.com.ar;03465;491014/030;Sur
2040000000;GENERAL GELLY;;comunagelly@gmail.com;02477;490002//099;Sur
2040010200;LA VANGUARDIA;;comuna@comunlavanguardia.com.ar;03460;493078/110;Sur
2040100200;ALCORTA;30677482202;contaduria.alcorta@alconet.com.ar;03465;470201;Sur
2040200200;BOMBAL;30651166272;bombalcomuna@gmail.com;03465;497028;Sur
2040300200;CANADA RICA;;cdarica@coopcdarica.com.ar;03460;499151/499038;Sur
2040400200;CEPEDA;;comuna_cepeda@hotmail.com;03460;491855;Sur
2040500200;EMPALME VILLA CONSTITUCION;30999073235;comuna@empalmevillaconstitución.gob.ar;03400;493160/260;Sur
2040600200;GODOY;;comunadegodoy@lanttel.com.ar;03460;497020/247;Sur
2040800200;JUAN B. MOLINA;30999129850;comunajbmolina@coopjbmolina.com.ar;03460;498201;Sur
2040900200;JUNCAL;;comunadejuncal@icpaz.com.ar;02473;492279/392;Sur
2041000200;MAXIMO PAZ;;comunademaximopaz@gmail.com;03460;496005/380;Sur
2041100200;PAVON;;comunadepavon@hotmail.com;03400;490148/38;Sur
2041200200;PAVON ARRIBA;30680835191;pavonarribacomuna@yahoo.com.ar;03469;491004/258;Sur
2041300200;PEYRANo;30658825468;comuna.peyraNo@gmail.com;03460;470331/101;Sur
2041400200;RUEDA;;comunarueda@steel.com.ar;03400;496020/084/173;Sur
2041500200;SANTA TERESA;30656272682;comunasantateresa@outlook.com;03460;420001/096;Sur
2041600200;SARGENTO CABRAL;;comunsgtocabral@gmail.com;03460;491077/018;Sur
2041700200;THEOBALD;30654751338;comunatheobald@intercom.com.ar;03400;491812;Sur
2060100200;AARON CASTELLANoS;;comunaaaroncastellaNos@arnet.com.ar;03382;498019-498010 (fax);Sur
2060200200;AMENABAR;;comunaamenabar@hotmail.com;03382;492251;Sur
2060300200;CAFFERATA;30639505533;secretariadegobcaf@gmail.com.ar;03468;498038/301;Sur
2060400200;CANADA DEL UCLE;33650097349;comunadelucle@coopucle.com.ar;03465;492240;Sur
2060500200;CARRERAS;30674775713;comunadecarreras@gmail.com;03465;490106 - 490388;Sur
2060600200;CHAPUY;;comunachapuy@gmail.com;03462;494022/033;Sur
2060700200;CHOVET;;comunadechovet@gmail.com;03465;493105/332/167;Sur
2060800200;COLONIA CHRISTOPHERSEN;30660910359;comuchristophersen@hotmail.com;03462;485019;Sur
2060900200;DIEGO DE ALVEAR;30674767141;COMUNADA@DALVEAR.COM.AR;03382;493123-493004;Sur
2061000200;ELORTONDO;30639331853;comunadeelortondo@gmail.com;03462;470002/470130;Sur
2061100100;FIRMAT;30999043484;municipalidad@firmat.gov.ar;03465;423328;Sur
2061200200;HUGHES;30999009197;COMUNADEHUGHES@OUTLOOK.ES;02473;491001/216;Sur
2061300200;LA CHISPA;;comunadelachispa@arnet.com.ar;03462;487061;Sur
2061400200;LABORDEBOY;30674775578;comunalabordeboy@cooplab.com.ar;03465;495257/431;Sur
2061500200;LAZZARINo;;comunadelazzariNo@gmail.com;03382;492035/492317;Sur
2061600200;MAGGIOLO;30639506076;comaggiolo@enredes.com.ar;03462;492021/168;Sur
2061700200;MARIA TERESA;;comunamt@enredes.com.ar;03462;480003/300;Sur
2061800200;MELINCUE;30674777007;comunademelincue@gmail.com;03465;499521/522;Sur
2061900200;MIGUEL TORRES;30674767389;comunatorres@enredes.com.ar;03465;425810;Sur
2062000200;MURPHY;30674767761;comurphy@enredes.com.ar;03462;441246/668;Sur
2062100200;SAN EDUARDO;30649879903;comunasaneduardo0@gmail.com;03462;482010-482222;Sur
2062200200;SAN FRANCISCO DE SANTA FE;;comunasanfrancisco@yahoo.com.ar;03462;481020/481148;Sur
2062300200;SAN GREGORIO;30-64927444;comuna1893@gmail.com;03382;470740/470040/470140;Sur
2062400200;SANCTI SPIRITU;30639716194;comunasancti@coopsancti.com.ar;03462;444088/444343;Sur
2062500200;SANTA ISABEL;;comunasi@red-belgraNo.com.ar;03462;490035/387/400;Sur
2062600200;TEODELINA;30639505398;muniteo@xline.com.ar;03462;440201/440088;Sur
2062800200;WHEELWRIGHT;30674771998;comunawheel@wiscom.com;02473;481014 / 016;Sur
2080010200;CARRIZALES;;comunacarrizales@gmail.com;03476;497240/011;Sur
2080100200;ANDINo;33673875829;info@puebloandiNo.gob.ar;03476;496100;Sur
2080200200;CLASON;;administracion@comunaclason.gob.ar;03471;499099/910;Sur
2080300200;CORREA;30-99908074;comunadecorrea@gmail.com;03471;492-333 /001;Sur
2080400200;LUCIO V. LOPEZ;30673874386;comunalvlopez@yahoo.com.ar;03476;491031/91;Sur
2080500200;OLIVEROS;30674501109;comunadeoliveros@yahoo.com.ar;03476;498990/165;Sur
2080600200;SALTO GRANDE;30673882575;comuna@saltogrande.gob.ar;03476;494256/415;Sur
2080700200;SERODINo;30673841321;comunadeserodiNo@yahoo.com.ar;03476;490004-490219;Sur
2080750100;TOTORAS;30673850819;rentas.totoras@gmail.com;03476;460200;Sur
2080800200;VILLA ELOISA;30673864119;comuna@veloisa.com.ar;03471;491600/054;Sur
2120100200;ACEBAL;;comunaacebal@gmail.com;03469;420020;Sur
2120200200;ALBARELLOS;;comunalbarellos@coopvgg.com.ar;03402;494042;Sur
2120300200;ALVAREZ;30677495207;comalvarez@yahoo.com.ar;03402;461801;Sur
2120400200;ARMINDA;;comunadearminda@alvarezcablehogar.com.ar;03469;493005/83;Sur
2120600200;CARMEN DEL SAUCE;30680846282;comunacarmendelsauce@ri.com.ar;03469;420073;Sur
2120700200;CORONEL BOGADO;;mogiampaoli@hotmail.com;03402;491584;Sur
2120800200;CORONEL DOMINGUEZ;30654866941;comunadominguez@dat1.net.ar;03402;493016/493076;Sur
2120900200;ALVEAR;;personal@comunadealvear.gob.ar;0341;3177225;Sur
2121000200;FIGHIERA;30675003277;comunafighiera@gamil.com;03402;470124/259/382;Sur
2121150200;GENERAL LAGOS;30677478450;impuestos@cglagos.gob.ar;03402;490022;Sur
2121200100;GRANADERO BAIGORRIA;30640711651;liquidaciones@mungb.gov.ar;0341;4714378;Sur
2121300200;IBARLUCEA;;cibarlucea@steel.com.ar;0341;4904028/141;Sur
2121400100;PEREZ;30674462782;perezhacienda@arnetbiz.com.ar;341;4951221;Sur
2121500200;PINERO;;comunadepinero@hotmail.com;03402;461151/735;Sur
2121600200;PUEBLO ESTHER;;contacto@puebloesther.gob.ar;03402;499049/120;Sur
2121700200;PUEBLO MUNoZ;;comunapm@gmail.com;03469;492000;Sur
2121800200;URANGA;;condeuranga@ri.com.ar;03469;490048/490207;Sur
2121900200;SOLDINI;;comunasoldini@yahoo.com.ar;0341;4901036;Sur
2122000200;VILLA AMELIA;;comunava@steel.com.ar;03402;492424/217;Sur
2122100100;VILLA GOBERNADOR GALVEZ;30646291662;sueldos@vggmunicipalidad.gov.ar;0341;4988249;Sur
2122200200;ZAVALLA;30-65412190;comunadezavalla2016@gmail.com;0341;4970038/144;Sur
2122200300;BUSTINZA;;administracion@bustinza.gob.ar;03471;497031/144;Sur
2170100200;ALDAO;;comunadealdao@arnet.com.ar;03476;4820041;Sur
2170300100;CARCARANA;30999072174;sergiocelestiNo@arnet.com.ar;0341;4943050;Sur
2170400200;CORONEL ARNoLD;;info@coronelarNold.gob.ar;0341;4902396;Sur
2170600200;FUENTES;30676943485;comfuen@dat1.net.ar;03464;493410/510/187;Sur
2170700200;TIMBUES;30676883025;secretariadehacienda@comunadetimbues.arn;03476;495005/063;Sur
2170800200;LUIS PALACIOS;;municipioluispalacios@comunaluispalacios;03476;499121/289;Sur
2171000200;PUJATO;30673964741;comuna_pujato@dat1.net.ar;03464;494030/239/555;Sur
2171100200;RICARDONE;30651885694;comuna@ricardone.gob.ar;03476;492018 / 070;Sur
2171200100;ROLDAN;30674480144;MARISA_2134@HOTMAIL.COM;0341;4961500;Sur
2171300200;SAN JERONIMO SUD;33676896959;comuna@sanjeronimosud.gov.ar;0341;4909001;Sur
2171400100;SAN LORENZO;30674460259;personal@mail.sanlorenzo.gov.ar;03476;438921;Sur
2171500200;VILLA MUGUETA;;comunavillamugueta@gmail.com;03464;497125/313;Sur
5020000000;HOSPITAL SAN CARLOS (AUTOGESTION);30674031455;sancarlos@knett.com.ar;03464;422382;Sur
5021000000;S.A.M.C.O - SAN JOSE DE LA ESQUINA;30695665721;vicki-c@live.com.ar;03467;461249;Sur
5176000000;S.A.M.C.O - CAPITAN BERMUDEZ;30684642355;samcocb@gmail.com;0341;4910237;Sur
5202020000;CAJA DE PROF DE LA ING 2DA.CIRC.;33537083889;sueldos@cajaingros.com.ar;0341;4497959;Sur
5204020000;CAJA FORENSE 2DA. CIRC.;30534353509;;0341;08104440037;Sur
5206020000;CAJA SEG. SOCIAL PROF. CS. EC. 2DA. CIRC;;aliberto@cpcesfe2.org.ar;;;Sur
5311020000;CONSEJO PROF. DE CS. ECONoMICAS 2A. CIR.;30515459541;rrhh@cpcesfe2.org.ar;0341;4494949;Sur
5401020000;COLEGIO DE ABOGADOS 2DA. CIRC.;30533373972;CONTROL@COLABRO.ORG.AR;0341;4493312 INT 13;Sur
5401600000;CONSEJO ADM. HOSP. SAN JOSE;;hospitalsjpagos@yahoo.com.ar;;;Sur
5403020000;COLEGIO DE ESCRIBANoS 2DA. CIRC.;33530900709;paolucci@colescribaNosros.org.ar;0341;4257075;Sur
5404020000;COLEGIO DE FARMACEUTICOS 2DA. CIRC.;;rrhh@cfsf2.org.ar;;;Sur
5406020000;COLEGIO DE MEDICOS 2DA. CIRC.;30622720961;contaduriacolegio@yahoo.com.ar;0341;4851960;Sur
5409020000;COLEGIO DE MEDICOS VETERINARIOS 2A. CIR.;30-70704594;tesoreria@cmvsf2.org;0341;4399814;Sur
5410020000;COLEGIO DE MANDATARIOS 2DA. CIRC.;30674957684;hernanlista@gmail.com;0341;4823735;Sur
5418020000;COLEGIO DE ING CIVIL 2DA CIRC;33676857929;tesoreria@cpic2.org.ar;0341;4408247;Sur
5425020000;COL.DE PROF. DE TRABAJO SOCIAL 2§ CIRC.; 3067745627;;0341;4497121;Sur
5430020000;COLEGIO DE OPTICOS 2DA CIRC.;30680909179;vigli@express.com.ar;0341;4113395;Sur
4070080000;ASSA AGUAS SANTAFESINAS;30709514144;federico.carnicero@aguasdesantafe.com.ar;0341;156755602;Sur
5601020000;SOC. MUTUAL EMPL. PUBLICOS;30565803162;smep2c@arnetbiz.com.ar;0341;425-3605;Sur
5602020000;AEROPUERTO INTERNACIONAL;30676863822;personal@airosario.com.ar;341;4516300;Sur
5602040000;CONSEJO ADM. HOSPITAL CENTENARIO;;;0341;4724643;Sur
5610020000;CONSEJO ADM.HOSP.PSIQ. "FREYRE ABELARDO";30684635227;contaduriacoloniaoliveros@hotmail.com;03476;498039;Sur
5405020000;COLEGIO DE MARTILLEROS 2DA. CIRC.;30675011229;info@cmrosario.org.ar;0341;4403183/4243626;Sur
0014990000;JARDIN PINo HISTORICO;30714841110;;;;Sur
0015030000;Karmel Montessori;;colegiokarmel@gmail.com;0341;4931437;Sur
0015050000;ESC. FORTALEZA DE ZION;;fundacion@fortalezadesion.org;;;Sur
0015070000;Retoño de Sol;30711656878;giogestionintegral@gmail.com;0341;153485701;Sur
5515200100;UNID. CORR.VIAL NRO.4 RP 18;30690866850;corredorvial4@icpaz.com.ar;;3460-420612;Sur
0015090000;ESC. Ingeniero Raul AriNo;33707289959;secretariaprimaria@iugr.edu.ar;;0341-2310723/24;Sur
0015110000;ESC. CEC Rosa de Carlini;30716223503;padronegriselda@gmail.com;;;Sur
